{
    "e_modulus": 0.0,
    "wire_thickness": 0.1236666743535814,
    "bending_angle": 1.1975403492204927e-05,
    "bending_radius": 0.08479143985211979
}